Universal,START_TIME,WHP,WHT
B-G-1,2023-01-01,17.782065018315016,65.61977619047619
B-G-1,2023-02-01,17.600627846621464,64.89079892447977
B-G-1,2023-03-01,16.735839104116224,63.68107707828894
B-G-1,2023-04-01,17.292289590704538,61.75817073545772
B-G-1,2023-05-01,17.848815813727025,46.018992039144734
B-G-1,2023-06-01,21.231650388153394,28.528891492610835
B-G-1,2023-07-01,17.822188161593484,28.41681358981721
B-G-1,2023-08-01,16.566262992035895,20.28281969354924
B-G-1,2023-09-01,20.61496319386236,3.3377569632393302
B-G-1,2023-10-01,15.689317242893999,28.91571417352204
B-G-10,2018-01-01,27.821798699479793,52.82417446978791
B-G-10,2018-02-01,29.92720885625278,62.37899770805518
B-G-10,2018-03-01,25.989832359460003,58.47217285915777
B-G-10,2018-04-01,27.15264854881809,53.23821837615621
B-G-10,2018-05-01,71.52569279761904,66.60260682539682
B-G-10,2018-06-01,47.85181157635468,71.36305977011494
B-G-10,2018-07-01,41.54701863095238,69.64960742063492
B-G-10,2018-08-01,38.394499067460316,67.42850166666668
B-G-10,2018-09-01,35.898412397372745,66.79040870279145
B-G-10,2018-10-01,32.71273720238095,64.76677779761904
B-G-10,2018-11-01,33.616612975810135,66.08781218621634
B-G-10,2018-12-01,24.255343071428573,69.52283444444444
B-G-10,2019-01-01,22.56936886548778,69.47310337770713
B-G-10,2019-02-01,18.92434673046252,57.89755675552517
B-G-10,2019-03-01,21.36653626386789,65.11693274970155
B-G-10,2019-04-01,17.76311196633826,49.99857270114943
B-G-10,2019-05-01,20.710354062435396,45.763208248914616
B-G-10,2019-06-01,18.767862274220033,50.190478243021346
B-G-10,2019-07-01,64.46162787212788,44.87209270729271
B-G-10,2019-08-01,86.2335769719849,28.192335545400358
B-G-10,2019-09-01,92.47251804727647,28.629855868448097
B-G-10,2019-10-01,93.30378438492063,29.01674517857143
B-G-10,2019-11-01,64.30696679760183,29.492924767417822
B-G-10,2019-12-01,15.65327121230159,28.530390813492062
B-G-10,2020-01-01,13.031171107544145,28.320401719789036
B-G-10,2020-02-01,3.7581697837959838,21.25597499435793
B-G-10,2020-06-01,6.659781714285718,0.0
B-G-10,2020-07-01,6.470370918650797,0.0
B-G-10,2020-08-01,6.097477911445284,0.0
B-G-10,2020-09-01,7.833880909090913,0.0
B-G-10,2020-10-01,42.37739454545455,18.82488181818182
B-G-10,2020-11-01,74.85953466666668,0.036513333333333335
B-G-10,2020-12-01,73.54172339707536,0.0
B-G-10,2021-02-01,77.10267915178572,0.0
B-G-10,2021-03-01,77.68876369465038,0.0
B-G-10,2021-04-01,78.83423210059172,0.0
B-G-10,2021-05-01,79.92980303571429,0.0
B-G-10,2021-06-01,80.93585455486543,0.0
B-G-10,2021-07-01,81.89834642350557,0.0
B-G-10,2021-08-01,57.28906770433206,10.939513802135805
B-G-10,2021-09-01,69.43598005865103,60.55848646837034
B-G-10,2021-10-01,35.47444039621731,64.37457778672032
B-G-10,2021-11-01,19.005466052955672,50.431777073070606
B-G-10,2021-12-01,16.08474582865169,55.32930792536116
B-G-10,2022-01-01,17.40052216377477,51.70911391032325
B-G-10,2022-02-01,20.79259544959569,31.56441012006861
B-G-10,2022-03-01,58.87372903545129,28.363137134441406
B-G-10,2022-04-01,41.14994608850381,43.89746768808115
B-G-10,2022-05-01,23.085171563015876,28.958424543650796
B-G-10,2022-06-01,24.781743255336625,28.59697795566502
B-G-10,2022-07-01,9.24765915867064,28.136063174603173
B-G-10,2022-08-01,14.996333244133393,27.672895121449155
B-G-10,2022-09-01,13.826711816578488,27.43567008377425
B-G-10,2022-10-01,27.540562365257465,27.60788431176117
B-G-10,2022-11-01,16.801547003284078,27.97746089901478
B-G-10,2022-12-01,19.089976206736356,27.90842394889663
B-G-10,2023-01-01,12.691327833931608,26.911001164200822
B-G-10,2023-02-01,14.500511555322133,27.23764617180205
B-G-10,2023-03-01,15.765334399028738,27.295782395791175
B-G-10,2023-04-01,17.001044731419338,27.54541561232297
B-G-10,2023-05-01,17.51224854200011,29.522646508825677
B-G-10,2023-06-01,18.186272046454164,55.68788077464765
B-G-10,2023-07-01,16.629677409507256,53.72855250013908
B-G-10,2023-08-01,18.167186870273433,54.62161795242069
B-G-10,2023-09-01,22.1825807699705,57.38800391375052
B-G-10,2023-10-01,24.278256588353642,58.32893351840162
B-G-13,2023-01-01,-0.038408274358974356,26.78937985347985
B-G-13,2023-02-01,-0.01921157495908347,27.976266425064296
B-G-13,2023-03-01,7.63926225500101,28.150111780157605
B-G-13,2023-04-01,15.752250184564272,28.675920446382392
B-G-13,2023-05-01,17.314400779955097,53.370294887677524
B-G-13,2023-06-01,17.667111735461138,51.89836340055418
B-G-13,2023-07-01,16.540732462719387,44.59044100504007
B-G-13,2023-08-01,15.102468889048945,34.90922308267435
B-G-13,2023-09-01,22.942142670421376,28.9640172579308
B-G-13,2023-10-01,16.51005381151408,29.502356236418255
B-G-14,2018-01-01,22.940258065706903,0.0
B-G-14,2018-02-01,23.97383022774327,62.30310351966874
B-G-14,2018-03-01,25.056822969977834,59.37185690106791
B-G-14,2018-04-01,12.151567543679342,57.97104117163413
B-G-14,2018-05-01,23.096028988095238,59.16937976190476
B-G-14,2018-06-01,37.91725632183908,62.56038594006568
B-G-14,2018-07-01,23.856515277777778,69.64253273809524
B-G-14,2018-08-01,24.174903035714287,67.65741890873016
B-G-14,2018-09-01,22.34756789819376,57.64078924466338
B-G-14,2018-10-01,21.114653611111112,63.565675138888885
B-G-14,2018-11-01,19.575697900502053,66.29940511182109
B-G-14,2018-12-01,19.981686071428573,68.8723724404762
B-G-14,2019-01-01,18.573777925690443,70.30152326644148
B-G-14,2019-02-01,18.535184617840052,70.51431203007519
B-G-14,2019-03-01,17.757189693593315,71.66185358137685
B-G-14,2019-04-01,17.211554720853858,73.05981151477833
B-G-14,2019-05-01,17.475523940458963,72.2273132520157
B-G-14,2019-06-01,18.20151947865353,71.18782984400657
B-G-14,2019-07-01,22.916465914085915,63.02113484515484
B-G-14,2019-08-01,18.002626226902443,65.6300534273793
B-G-14,2019-09-01,20.011628057553956,65.87558902363823
B-G-14,2019-10-01,18.65718626984127,68.03718178571428
B-G-14,2019-11-01,18.93774006615671,68.02033493901178
B-G-14,2019-12-01,17.111439920634922,69.13638359126985
B-G-14,2020-01-01,17.863761522586564,68.22327725292364
B-G-14,2020-02-01,26.84816524234694,67.75275858843537
B-G-14,2020-03-01,16.98912896825397,68.60901055555556
B-G-14,2020-04-01,17.478520094417078,68.06349788587849
B-G-14,2020-05-01,16.982924861111112,58.35329946428572
B-G-14,2020-06-01,15.762128981937604,60.79785225779967
B-G-14,2020-07-01,15.801360238095238,69.07594831349206
B-G-14,2020-08-01,17.086378168803417,36.931002442002445
B-G-14,2020-09-01,17.67848303854875,16.30749702947846
B-G-14,2020-10-01,18.178094866529776,58.665964212379
B-G-14,2020-11-01,14.670029702555508,62.64272121910348
B-G-14,2020-12-01,5.14251206171108,67.93259130434782
B-G-14,2021-01-01,0.0,67.2572497420635
B-G-14,2021-02-01,8.157779525288376,65.20225141969831
B-G-14,2021-03-01,17.06653325986776,60.77452722901223
B-G-14,2021-04-01,16.676176373626372,56.841669843617915
B-G-14,2021-05-01,17.54186849206349,53.377635416666664
B-G-14,2021-06-01,16.42969374741201,58.78053780538302
B-G-14,2021-07-01,16.73927868287741,57.75650731509626
B-G-14,2021-08-01,16.078299254483174,59.56446443683256
B-G-14,2021-09-01,16.435868307498954,56.80165877670716
B-G-14,2021-10-01,16.53402281690141,56.78690621730382
B-G-14,2021-11-01,17.339731711822658,56.530885857963874
B-G-14,2021-12-01,15.140077628410916,57.03453569422151
B-G-14,2022-01-01,14.8795305793767,55.89983436519556
B-G-14,2022-02-01,15.08146580952381,55.271022333333335
B-G-14,2022-03-01,15.112023774458239,54.29758680833158
B-G-14,2022-04-01,14.538704469146237,55.090766356720195
B-G-14,2022-05-01,15.667660734126985,53.07906781746032
B-G-14,2022-06-01,16.05095868226601,51.51800738916256
B-G-14,2022-07-01,14.580472318055556,50.58942021825397
B-G-14,2022-08-01,4.351176677645122,48.596512680115275
B-G-14,2022-09-01,12.819356602733686,45.147973831569665
B-G-14,2022-10-01,15.465143137647765,45.70395742336205
B-G-14,2022-11-01,15.68646315681445,43.104262130541876
B-G-14,2022-12-01,14.548974888037167,43.732308013937285
B-G-14,2023-01-01,14.784885901042932,39.82496570458404
B-G-14,2023-02-01,16.35558366013072,35.83958548085901
B-G-14,2023-03-01,16.316903879571633,33.216996605374824
B-G-14,2023-04-01,17.5346536360974,34.208637386513935
B-G-14,2023-05-01,17.684841682624782,35.75663531700531
B-G-14,2023-06-01,23.013506393318966,64.39114436088876
B-G-14,2023-07-01,19.187058982302638,70.42810861777271
B-G-14,2023-08-01,18.82875301332539,76.12332829146963
B-G-14,2023-09-01,17.87119073889118,62.9538839318684
B-G-14,2023-10-01,17.259554436913994,46.431970380047986
B-G-15,2018-01-01,33.99458263305322,76.57068525410163
B-G-15,2018-02-01,37.76362741433022,77.45717069425902
B-G-15,2018-03-01,34.87806294579891,77.27479087245618
B-G-15,2018-04-01,31.2155602672148,75.00426663926002
B-G-15,2018-05-01,31.96817751984127,77.49802406746032
B-G-15,2018-06-01,30.509156178160918,76.51336676929392
B-G-15,2018-07-01,29.006604345238095,75.7135139484127
B-G-15,2018-08-01,23.694491944444444,57.052730873015875
B-G-15,2018-09-01,22.315763772577995,49.52600379720854
B-G-15,2018-10-01,20.53890123015873,42.90583688492063
B-G-15,2018-11-01,20.029848530351437,48.528710132359656
B-G-15,2018-12-01,19.71976241666667,54.4891291468254
B-G-15,2019-01-01,20.884061076892507,18.81638978740314
B-G-15,2019-02-01,24.49105997265892,69.44004506721349
B-G-15,2019-03-01,26.836170235775878,73.22003363798926
B-G-15,2019-04-01,27.882144519704433,74.24044064039408
B-G-15,2019-05-01,28.77097879884226,74.50767027082902
B-G-15,2019-06-01,29.00797592364532,76.05035665024631
B-G-15,2019-07-01,28.779924415584414,75.6847355044955
B-G-15,2019-08-01,28.397078422412083,73.80660884164514
B-G-15,2019-09-01,28.075717163412126,73.62730145940391
B-G-15,2019-10-01,27.470427619047616,74.15858301587302
B-G-15,2019-11-01,27.117197105643992,71.66464052098408
B-G-15,2019-12-01,24.47862468253968,72.75286107142857
B-G-15,2020-01-01,25.892427172666817,72.39378592066039
B-G-15,2020-02-01,26.641301169217687,73.3045881590136
B-G-15,2020-03-01,23.449526726190474,73.89694182539682
B-G-15,2020-04-01,22.548752216748767,73.94947068965517
B-G-15,2020-05-01,21.688324372996032,74.6372226984127
B-G-15,2020-06-01,21.221832060755336,74.38590710180624
B-G-15,2020-07-01,21.01386503968254,75.09225972222222
B-G-15,2020-08-01,14.006512352309345,60.15566136770498
B-G-15,2020-09-01,0.9984943853820597,71.03488332225913
B-G-15,2020-10-01,0.22404524886877827,61.11181812109459
B-G-15,2020-11-01,18.06512462006079,31.16251337386018
B-G-15,2020-12-01,5.328388455219395,44.11098046483671
B-G-15,2021-01-01,14.201114107142859,33.536133035714286
B-G-15,2021-02-01,15.74568580079858,41.3543674578527
B-G-15,2021-03-01,15.18242416349429,28.070071669004207
B-G-15,2021-04-01,16.969380557903634,41.08369911242604
B-G-15,2021-05-01,16.389184863095238,40.750760535714285
B-G-15,2021-06-01,15.630014327122154,41.958516521739135
B-G-15,2021-07-01,16.03277663627153,41.10595448834853
B-G-15,2021-08-01,15.282051662301027,28.766892967962924
B-G-15,2021-09-01,15.473513007959783,24.788085232509427
B-G-15,2021-10-01,15.229801911468812,31.47371114688129
B-G-15,2021-11-01,16.574583866995074,30.372082286535303
B-G-15,2021-12-01,14.621576056902423,30.74110855539972
B-G-15,2022-01-01,20.65462532942899,57.83917358293244
B-G-15,2022-02-01,16.291368328571426,51.921252595238094
B-G-15,2022-03-01,15.057392131285503,52.782175152535245
B-G-15,2022-04-01,14.44494663567202,49.87675329670329
B-G-15,2022-05-01,15.410265634920636,50.40043785714286
B-G-15,2022-06-01,15.211089224137933,48.66330246305419
B-G-15,2022-07-01,14.789820198412697,49.51844642857142
B-G-15,2022-08-01,15.173249320708111,49.23179407163442
B-G-15,2022-09-01,17.21568082010582,42.70533024691358
B-G-15,2022-10-01,30.608493594637853,51.157396438575425
B-G-15,2022-11-01,35.00648530377668,55.120220114942526
B-G-15,2022-12-01,29.359867554471542,48.96981651567944
B-G-15,2023-01-01,0.8953193152089407,2.0120039358600583
B-G-15,2023-02-01,-0.20174476114379084,0.0
B-G-15,2023-03-01,-0.24103313336027482,0.0
B-G-15,2023-04-01,-0.12316293926356732,14.518603428448275
B-G-15,2023-05-01,-0.15402351945329268,28.43873653990049
B-G-15,2023-06-01,-0.15738920449182403,28.876124095682815
B-G-15,2023-07-01,-0.1617518499583085,28.706653792827343
B-G-15,2023-08-01,-0.10870463242362077,28.693906698172068
B-G-15,2023-09-01,-0.09582682679449019,28.555132049646634
B-G-15,2023-10-01,-0.07326399537923588,29.319203460095977
B-G-17,2018-01-01,31.594884653861545,75.57620158063224
B-G-17,2018-02-01,31.53432000445038,75.53400763239875
B-G-17,2018-03-01,29.803450876485996,75.20512303042514
B-G-17,2018-04-01,27.335502384378213,72.8174025282631
B-G-17,2018-05-01,22.819565912698412,72.29876438492063
B-G-17,2018-06-01,23.542097208538586,73.12333212233169
B-G-17,2018-07-01,22.39211468253968,73.34883595238095
B-G-17,2018-08-01,22.40857831349206,73.95699412698413
B-G-17,2018-09-01,22.425363382594416,74.40292335796387
B-G-17,2018-10-01,21.377790198412697,74.63647376984127
B-G-17,2018-11-01,18.63201464980545,67.09637720956087
B-G-17,2018-12-01,17.77554333730159,48.62915198412698
B-G-17,2019-01-01,17.966506143063285,46.70432016079159
B-G-17,2019-02-01,8.860154499886079,52.79992137161084
B-G-17,2019-03-01,17.30516926286509,51.97443510828531
B-G-17,2019-04-01,16.630942200328406,51.88699755747126
B-G-17,2019-05-01,16.55348574331329,45.84017860252955
B-G-17,2019-06-01,17.87396196633826,45.94196522988506
B-G-17,2019-07-01,19.84317590143481,40.75757302973591
B-G-17,2019-08-01,19.919416292469702,39.80036618319094
B-G-17,2019-09-01,46.83364672147996,48.65067282631038
B-G-17,2019-10-01,34.63866242063492,58.90248339285714
B-G-17,2019-11-01,26.913601221532094,53.16268283643892
B-G-17,2019-12-01,24.19452121031746,29.99507089285714
B-G-17,2020-01-01,21.612224673240082,9.515243246961706
B-G-17,2020-02-01,27.432551977040816,0.0
B-G-17,2020-03-01,27.007777398720684,5.694176332622601
B-G-17,2020-04-01,20.20535765599343,55.980940599343185
B-G-17,2020-05-01,16.963786210317462,35.174648313492064
B-G-17,2020-06-01,15.864359962049337,28.89542306858227
B-G-17,2020-08-01,16.374158644778205,0.0
B-G-17,2020-09-01,16.969756732348113,40.99668768472907
B-G-17,2020-10-01,9.348457164242943,51.39349582976904
B-G-17,2020-11-01,15.092578100815729,49.93546628320435
B-G-17,2020-12-01,16.3052740405867,52.28471462728551
B-G-17,2021-01-01,15.767061428571429,47.08143470238095
B-G-17,2021-02-01,15.944027970627502,34.20814846461949
B-G-17,2021-03-01,15.217237402597403,30.020408371628374
B-G-17,2021-04-01,3.4891676734693875,28.68494363265306
B-G-17,2021-10-01,14.492953729456383,0.7574276864728193
B-G-17,2021-12-01,3.085609641595154,28.74336845027764
B-G-17,2022-01-01,8.048607209606987,30.66787282179247
B-G-17,2022-02-01,11.80663993993994,16.871603174603177
B-G-17,2022-03-01,19.075994435351884,42.41926771101239
B-G-17,2022-04-01,15.758271998311882,53.18216066680735
B-G-17,2022-05-01,15.192079047619048,51.67934964285714
B-G-17,2022-06-01,15.04794735221675,43.73437465106733
B-G-17,2022-07-01,14.895785755952382,46.39829793650794
B-G-17,2022-08-01,15.283240540801645,34.86157652620761
B-G-17,2022-09-01,15.362325661375662,27.9238737654321
B-G-17,2022-10-01,15.157957142857143,0.0
B-G-17,2022-11-01,51.22093155339805,50.66535235783634
B-G-17,2022-12-01,35.21946173620609,45.88858679156909
B-G-17,2023-01-01,33.29544334227701,46.97457950205463
B-G-17,2023-02-01,31.383292320261436,50.86680259103641
B-G-17,2023-03-01,32.133318853118716,51.2091008249497
B-G-17,2023-04-01,28.80904654264958,58.98068598157247
B-G-17,2023-05-01,23.15967336450606,42.97536105892595
B-G-17,2023-06-01,39.33928196546525,53.187118146431985
B-G-17,2023-07-01,16.7739330864958,55.641185724743366
B-G-17,2023-08-01,16.91227483666401,58.26880873018862
B-G-17,2023-09-01,16.716217097941364,50.14586303623844
B-G-17,2023-10-01,16.465026589733526,49.67478174946557
B-G-18,2018-01-01,72.26787470988396,62.02192857142857
B-G-18,2018-02-01,27.198277881619937,72.62844363595906
B-G-18,2018-03-01,24.845967680838204,31.340137638525086
B-G-18,2018-04-01,24.69469608016444,29.906664110996918
B-G-18,2018-05-01,21.471251895476193,29.56309531746032
B-G-18,2018-06-01,21.0178473161679,28.737864757799674
B-G-18,2018-07-01,20.116815996586705,27.330087539682538
B-G-18,2018-08-01,27.113945059523807,28.52780154761905
B-G-18,2018-09-01,21.607772434318555,28.65875798440066
B-G-18,2018-10-01,20.277025396825398,13.387401011904762
B-G-18,2018-11-01,19.227216174665177,32.98007338169643
B-G-18,2018-12-01,19.370824484126985,37.75483202380952
B-G-18,2019-01-01,16.734491156462585,39.9777481079932
B-G-18,2019-02-01,17.65069601275917,23.66618603326498
B-G-18,2019-03-01,15.359436768802228,17.371674532431356
B-G-18,2019-04-01,16.6774105500821,34.176951621510675
B-G-18,2019-05-01,16.29144076461769,14.033201135146712
B-G-18,2019-06-01,17.736750631533102,10.891014220383274
B-G-18,2019-07-01,19.599489249324183,34.490957371594924
B-G-18,2019-08-01,19.84615420226505,29.83614055235446
B-G-18,2019-09-01,19.953998992805754,40.739386659815004
B-G-18,2019-10-01,18.563502083333333,42.03896049603175
B-G-18,2019-11-01,18.804877639751552,39.59040902691512
B-G-18,2019-12-01,17.303079146825397,37.900631011904764
B-G-18,2020-01-01,17.296463432698925,40.10082013299702
B-G-18,2020-02-01,16.361505846088434,40.61880038265306
B-G-18,2020-03-01,18.698237777777777,41.08393212301587
B-G-18,2020-04-01,17.17362551313629,46.02010763546798
B-G-18,2020-05-01,16.392254444444443,39.01219069444445
B-G-18,2020-06-01,15.014224285714286,34.55026568181818
B-G-18,2020-09-01,23.00032932330827,40.245477022556386
B-G-18,2020-10-01,29.18896812652068,37.68862061174835
B-G-18,2020-11-01,23.22319976992261,42.428486634595274
B-G-18,2020-12-01,17.98323475989552,43.75014305806711
B-G-18,2021-01-01,16.759700297619048,43.748538253968256
B-G-18,2021-02-01,16.868826056964842,44.02800927903872
B-G-18,2021-03-01,16.310683096903098,42.32087992007992
B-G-18,2021-04-01,17.27155108096651,35.46376233573548
B-G-18,2021-05-01,16.479498304443116,28.682973460848775
B-G-18,2021-06-01,14.550279211395539,28.420071552436003
B-G-18,2021-07-01,15.78372066869301,27.77882062816616
B-G-18,2021-08-01,15.073118732394367,27.491256277665997
B-G-18,2021-09-01,73.09315691066722,44.40004489019034
B-G-18,2021-10-01,22.804768724778047,55.264189669087976
B-G-18,2021-11-01,21.44455225779967,56.41652577996716
B-G-18,2021-12-01,19.462088185654007,57.55834820172795
B-G-18,2022-01-01,18.028524953212727,56.74685258889582
B-G-18,2022-02-01,16.665505480768168,31.8262382702404
B-G-18,2022-03-01,14.27187572519084,20.234578756815704
B-G-18,2022-04-01,16.82549646433991,52.319469976154345
B-G-18,2022-05-01,13.573613332738097,52.57477277777778
B-G-18,2022-06-01,14.633880958538589,27.483552750410507
B-G-18,2022-07-01,13.921468210337402,20.461723869346734
B-G-18,2022-08-01,14.946868231046933,25.416587880350697
B-G-18,2022-09-01,15.018016071428573,25.753270833333335
B-G-18,2022-10-01,14.742139595838335,26.257904601840735
B-G-18,2022-11-01,14.867266707717569,26.302404248768475
B-G-18,2022-12-01,13.902020960655738,25.07534976580796
B-G-18,2023-01-01,10.390761514624124,10.586124058496496
B-G-18,2023-02-01,9.116695705182073,3.5802742283309987
B-G-18,2023-03-01,15.310317108107043,2.4644394100201206
B-G-18,2023-04-01,15.419996699941004,0.8091157060001158
B-G-18,2023-05-01,3.873598481547619,0.8800316678571428
B-G-19,2018-01-01,27.445246271186473,46.73752132853141
B-G-19,2018-02-01,24.01258282153983,45.96783618157543
B-G-19,2018-03-01,25.15179750151118,61.32649530525891
B-G-19,2018-04-01,24.831912271325795,61.052067112024666
B-G-19,2018-05-01,22.862643055555555,61.564774960317465
B-G-19,2018-06-01,23.352571634236455,61.44113222495894
B-G-19,2018-07-01,21.393142063492064,71.21953263888888
B-G-19,2018-08-01,21.474034265873016,72.40713482142857
B-G-19,2018-09-01,21.90437736042693,68.65593934729064
B-G-19,2018-10-01,20.79694293650794,72.56004488095238
B-G-19,2018-11-01,19.635039560867153,68.65583677042802
B-G-19,2018-12-01,18.81544490079365,63.02171277777777
B-G-19,2019-01-01,18.256338301698303,66.90557466533465
B-G-19,2019-02-01,17.451270334928232,70.61501234905445
B-G-19,2019-03-01,17.32589462793474,44.301823656983686
B-G-19,2019-04-01,16.803170258620693,59.66490114942529
B-G-19,2019-05-01,16.807040628239687,56.939988036491805
B-G-19,2019-06-01,18.03509238505747,49.87433788998358
B-G-19,2019-07-01,20.09101798710751,50.69030744437513
B-G-19,2019-08-01,20.080712914762568,49.783288635008944
B-G-19,2019-09-01,20.015985590955808,45.100102076053446
B-G-19,2019-10-01,18.78215884920635,47.57801182539683
B-G-19,2019-11-01,19.034285300207042,45.514715072463765
B-G-19,2019-12-01,17.522207281746034,50.527086369047616
B-G-19,2020-01-01,17.493554437055725,53.3089820224719
B-G-19,2020-02-01,16.198478555909865,57.327369961734696
B-G-19,2020-03-01,15.85142791170635,51.456731210317464
B-G-19,2020-04-01,16.845322516420364,66.2639433908046
B-G-19,2020-05-01,16.61113196428572,67.55659317460317
B-G-19,2020-06-01,15.049028899835799,63.619319191297215
B-G-19,2020-07-01,14.73674021825397,59.60410303571428
B-G-19,2020-08-01,16.493464514663646,50.243636684303354
B-G-19,2020-09-01,16.922182142857146,55.074548973727424
B-G-19,2020-10-01,16.0200578902413,50.27428797779202
B-G-19,2020-11-01,17.28636961341038,39.345755866973434
B-G-19,2020-12-01,16.873556045810734,45.76499572031344
B-G-19,2021-01-01,15.786703710317465,35.18998257936508
B-G-19,2021-02-01,16.138772073876282,34.3744580329328
B-G-19,2021-03-01,15.47616591408592,31.31655100899101
B-G-19,2021-04-01,16.80487871979653,28.739021937261555
B-G-19,2021-05-01,17.699982109982074,28.740118748754732
B-G-19,2021-06-01,15.685572729149467,28.66558142031379
B-G-19,2021-07-01,16.014403181357654,27.999738358662615
B-G-19,2021-08-01,10.494433158953726,27.71048152917505
B-G-19,2021-09-01,10.624244145199066,27.42757661982826
B-G-19,2021-10-01,15.99456989507668,10.219338801452786
B-G-19,2021-11-01,17.36535484400657,0.0
B-G-19,2021-12-01,16.593173131868138,0.0
B-G-19,2022-01-01,15.198468891661472,0.0
B-G-19,2022-02-01,15.495362496872657,0.0
B-G-19,2022-03-01,3.064640476190477,26.124137589549097
B-G-19,2022-04-01,0.0,29.158485271154248
B-G-19,2022-05-01,0.0,29.36542278664732
B-G-19,2022-06-01,0.0,30.34266917293233
B-G-19,2022-07-01,14.23976799241072,0.2795049107142857
B-G-19,2022-08-01,14.939619938335051,0.0
B-G-19,2022-09-01,13.366551500507057,0.0
B-G-19,2022-10-01,6.331987306295401,17.599418785310736
B-G-19,2022-11-01,0.0,28.789096387520527
B-G-19,2022-12-01,0.0,28.56520400468384
B-G-19,2023-01-01,0.0,27.15769707517525
B-G-19,2023-02-01,0.0,27.507841690009336
B-G-19,2023-03-01,0.0,27.635003380281688
B-G-19,2023-04-01,0.0,28.114937051301713
B-G-19,2023-05-01,0.0,28.600014077506817
B-G-19,2023-06-01,0.0,29.15373237323823
B-G-19,2023-07-01,0.0,29.119343359490696
B-G-19,2023-08-01,0.0,29.360169266972175
B-G-19,2023-09-01,0.0,28.977360401963004
B-G-19,2023-10-01,0.0,29.440763130067815
B-G-20,2018-01-01,85.7919355542217,67.70298279311726
B-G-20,2018-02-01,86.67262516688919,65.9320139964397
B-G-20,2018-03-01,74.66651462824905,70.54795480556115
B-G-20,2018-04-01,82.43371129737307,63.32602793422405
B-G-20,2018-05-01,85.37674561507936,63.19471623015873
B-G-20,2018-06-01,83.57278951149425,65.93910636288999
B-G-20,2018-07-01,81.6876060515873,64.48774319444445
B-G-20,2018-08-01,80.78508716269842,66.71952795634921
B-G-20,2018-09-01,77.77311724137931,68.87818214285714
B-G-20,2018-10-01,76.8038801984127,67.99322198412698
B-G-20,2018-11-01,73.5845759421901,67.38399913841022
B-G-20,2018-12-01,78.68969240079365,70.4955980952381
B-G-20,2019-01-01,59.525919855740334,69.31696187136846
B-G-20,2019-02-01,45.059299612049294,65.4658412825194
B-G-20,2019-03-01,75.25502168722642,69.68573060087544
B-G-20,2019-04-01,74.214801272578,70.7280855090312
B-G-20,2019-05-01,69.16681901306241,67.79146554012026
B-G-20,2019-06-01,71.67590420771758,67.9280736453202
B-G-20,2019-07-01,64.57661758703482,66.69761224489795
B-G-20,2019-08-01,59.41170961653089,46.8140094973177
B-G-20,2019-09-01,67.97805882836587,67.68687983556012
B-G-20,2019-10-01,70.33220634920636,67.86511142857142
B-G-20,2019-11-01,66.94039660455486,68.07621716356108
B-G-20,2019-12-01,52.11447867063492,58.996239821428574
B-G-20,2020-01-01,67.88592726438891,68.25556191240541
B-G-20,2020-02-01,58.73677025935374,66.78028433248299
B-G-20,2020-03-01,59.1259495436508,61.597799940476186
B-G-20,2020-04-01,65.86659431444991,66.29844846059113
B-G-20,2020-05-01,65.88423222222222,67.7608410515873
B-G-20,2020-06-01,64.65585722495895,68.346327545156
B-G-20,2020-07-01,62.3198712530754,68.69118067460317
B-G-20,2020-08-01,49.39414983974359,61.28162548076922
B-G-20,2020-09-01,61.14484226190476,68.44199133825944
B-G-20,2020-10-01,56.284345910740974,67.18860491138159
B-G-20,2020-11-01,55.862786069859865,70.703601819703
B-G-20,2020-12-01,54.963933875828815,70.3958627084589
B-G-20,2021-01-01,53.40151454365079,70.2726692063492
B-G-20,2021-02-01,52.01333954161104,70.21750792167335
B-G-20,2021-03-01,52.88377252747253,62.12116033966034
B-G-20,2021-04-01,44.55569715559329,52.977252918700906
B-G-20,2021-05-01,17.16317230524009,54.58255277943814
B-G-20,2021-06-01,15.869982741535921,53.004939017341044
B-G-20,2021-07-01,16.00982820668693,51.04143134751773
B-G-20,2021-08-01,15.291616961770623,50.1670022334004
B-G-20,2021-09-01,15.77885151641916,49.26578987659485
B-G-20,2021-10-01,15.575802582728006,48.09445266343826
B-G-20,2021-11-01,16.877980829228242,47.501773152709355
B-G-20,2021-12-01,14.515920253164555,38.781881595338554
B-G-20,2022-01-01,5.056761568901986,28.143552338244717
B-G-20,2022-02-01,-0.010220169257476189,27.718510404761904
B-G-20,2022-03-01,1.2856306089797513,27.909148103666247
B-G-20,2022-04-01,13.84994070874657,28.931706562565942
B-G-20,2022-05-01,15.030689087301587,28.948651944444443
B-G-20,2022-06-01,14.948628409277505,28.506083887520525
B-G-20,2022-07-01,13.806674147373016,28.388134384920633
B-G-20,2022-08-01,14.981050811921891,16.88122828365879
B-G-20,2022-09-01,15.052129320987655,0.0
B-G-20,2022-10-01,22.693691203757503,0.0
B-G-20,2022-11-01,19.25648214333904,0.0
B-G-20,2022-12-01,14.031276077523966,0.0
B-G-20,2023-01-01,8.884440038054146,0.0
B-G-20,2023-02-01,4.788695964947479,0.0
B-G-20,2023-03-01,17.702533091545273,27.233551911468815
B-G-20,2023-04-01,7.846544038308847,27.588722030520195
B-G-20,2023-10-01,16.33478512908191,38.43400677766737
B-G-21,2019-05-01,24.904736651053863,29.175671896955507
B-G-21,2019-06-01,51.252247372742204,56.65043842364532
B-G-21,2019-07-01,50.17137772925764,63.85291436889166
B-G-21,2019-08-01,48.41765801708723,62.39327172660441
B-G-21,2019-09-01,55.92776059609455,61.920793463514904
B-G-21,2019-10-01,48.76781454365079,62.061658174603174
B-G-21,2019-11-01,34.664151076604554,59.981026252587995
B-G-21,2019-12-01,27.54553128968254,58.26025373015873
B-G-21,2020-01-01,21.183754276542075,56.88299378582894
B-G-21,2020-02-01,45.89538490646258,51.1949956632653
B-G-21,2020-03-01,56.876298869047616,70.03546970238095
B-G-21,2020-04-01,35.92413731527094,71.26587818144499
B-G-21,2020-05-01,24.54244490079365,70.1087832936508
B-G-21,2020-06-01,17.164635192939244,60.7711058908046
B-G-21,2020-07-01,15.286314424603175,59.79064793650794
B-G-21,2020-08-01,19.06553070054945,33.81103166208791
B-G-21,2020-09-01,16.499856034482757,43.96986217159277
B-G-21,2020-10-01,94.63025355114243,49.46337189835575
B-G-21,2020-11-01,119.59456302028865,61.996453419786654
B-G-21,2020-12-01,99.69346007635122,66.38036712879244
B-G-21,2021-01-01,83.54417490079365,65.79969722222222
B-G-21,2021-02-01,71.41544946595461,68.6041292834891
B-G-21,2021-03-01,56.390732447552445,65.96006031968032
B-G-21,2021-04-01,52.14025201356507,68.20721337431114
B-G-21,2021-05-01,47.082181888822475,67.68429201036064
B-G-21,2021-06-01,41.76512481420313,68.17341244838975
B-G-21,2021-07-01,37.07234374873354,67.05462593718339
B-G-21,2021-08-01,33.39729756539236,68.34113356136821
B-G-21,2021-09-01,28.287321585442374,66.74530924492784
B-G-21,2021-10-01,26.37821890637611,65.22521335754641
B-G-21,2021-11-01,23.865176662561577,60.48658421592775
B-G-21,2021-12-01,24.22640482218204,45.028273477998795
B-G-21,2022-01-01,20.00764689124558,62.63604113121231
B-G-21,2022-02-01,15.839515147619046,60.86616302380952
B-G-21,2022-03-01,15.501838685208597,65.59949157184998
B-G-21,2022-04-01,14.52345922325385,58.983464211859044
B-G-21,2022-05-01,15.31686255952381,56.03413184523809
B-G-21,2022-06-01,15.948548378489328,52.13857561576355
B-G-21,2022-07-01,15.009039742063493,54.213728492063495
B-G-21,2022-08-01,14.33284968139774,18.661245227132582
B-G-21,2022-09-01,14.441279166666666,-6.748860141953263
B-G-21,2022-10-01,15.723117611701062,2.32912954251653
B-G-21,2022-11-01,17.046209400656814,53.223537180829226
B-G-21,2022-12-01,15.010376151428572,38.658462929742385
B-G-21,2023-01-01,14.373870920957215,32.89506864877931
B-G-21,2023-02-01,15.858666083099905,37.62012952847805
B-G-21,2023-03-01,15.990829255533198,17.956251609657947
B-G-21,2023-04-01,19.683837297228536,28.591618438494912
B-G-21,2023-05-01,21.169738882919027,59.58167207998741
B-G-21,2023-06-01,20.374730353598796,22.400693476498358
B-G-21,2023-07-01,19.74952419070137,66.07396581724949
B-G-21,2023-08-01,17.822010075680748,57.499482946720796
B-G-21,2023-09-01,16.950549264832134,14.990187181134859
B-G-21,2023-10-01,17.19047355810482,0.8599578381320949
B-G-22,2019-05-01,16.11481243974133,19.772520634920635
B-G-22,2019-06-01,14.400866615944173,43.9052658866995
B-G-22,2019-07-01,40.51881524225411,72.74534562279061
B-G-22,2019-08-01,29.986059646334194,68.97818752235247
B-G-22,2019-09-01,28.492926639260023,66.15800199383351
B-G-22,2019-10-01,20.254440833333334,69.90490615079365
B-G-22,2019-11-01,20.21292786851354,68.55350136448212
B-G-22,2019-12-01,17.718930694444445,57.79927547619048
B-G-22,2020-01-01,17.840903210272874,60.236436138500345
B-G-22,2020-02-01,17.31739210884354,39.49664164540817
B-G-22,2020-03-01,16.18004869047619,58.29655363095238
B-G-22,2020-04-01,17.214619786535305,59.926892836617405
B-G-22,2020-05-01,16.868108055555556,60.09679527777778
B-G-22,2020-06-01,15.1407447454844,53.978776559934325
B-G-22,2020-07-01,14.318996771825397,29.57072781746032
B-G-22,2020-08-01,15.652509485805862,48.494301877289374
B-G-22,2020-09-01,16.175296477832514,55.89071369047618
B-G-22,2020-10-01,10.330170858424086,28.82557956438181
B-G-22,2020-11-01,29.275918515582514,73.21519870320017
B-G-22,2020-12-01,20.841601627486437,77.59737410086397
B-G-22,2021-01-01,18.279526567460316,76.84438305555555
B-G-22,2021-02-01,16.792962572318647,63.328113573653766
B-G-22,2021-03-01,16.25100388155262,59.32505196078431
B-G-22,2021-04-01,25.34015724899172,67.49204909785608
B-G-22,2021-05-01,18.1223173298846,50.17148197373657
B-G-22,2021-06-01,17.408672605284888,66.49579919488026
B-G-22,2021-07-01,16.8887695845998,70.14159086119554
B-G-22,2021-08-01,24.49912358148893,59.675421106639845
B-G-22,2021-09-01,25.765463292198287,69.56346159799205
B-G-22,2021-10-01,25.020975968523,68.62970115012106
B-G-22,2021-11-01,22.61898739737274,64.92031112479475
B-G-22,2021-12-01,21.308160201207244,67.72328772635814
B-G-22,2022-01-01,19.89846891245581,66.71341900603036
B-G-22,2022-02-01,18.483650952380952,56.67772333333333
B-G-22,2022-03-01,18.198098190054782,65.99895579435314
B-G-22,2022-04-01,26.037732285292254,71.66770936906521
B-G-22,2022-05-01,17.700396527777777,60.464495535714285
B-G-22,2022-06-01,17.709272721674875,56.346211391625616
B-G-22,2022-07-01,15.576700610178571,45.20193277777778
B-G-22,2022-08-01,15.090242219938334,48.23085149023638
B-G-22,2022-09-01,18.325831918209875,44.44395176366843
B-G-22,2022-10-01,98.97369050891605,68.24532081747145
B-G-22,2022-11-01,93.79564236453203,72.6439183908046
B-G-22,2022-12-01,68.80267973964344,72.62845395261553
B-G-22,2023-01-01,32.454281870173745,58.29142430019305
B-G-22,2023-02-01,28.832761267507003,43.34377376283847
B-G-22,2023-03-01,44.50005734406439,65.35878897384306
B-G-22,2023-04-01,17.744350343675297,45.34780276190476
B-G-22,2023-05-01,17.23932704460492,45.52240035843014
B-G-22,2023-06-01,17.612691483408593,45.16339292903325
B-G-22,2023-07-01,16.41965369009868,30.766284622759787
B-G-22,2023-08-01,16.6794651460002,28.740803220326097
B-G-22,2023-09-01,16.634569606447414,27.849905793679344
B-G-22,2023-10-01,16.533217415284533,28.939852164178827
B-G-4,2020-11-01,20.422695889898385,32.49847561267185
B-G-4,2020-12-01,26.704098219811133,40.27978898935101
B-G-4,2021-01-01,15.734176428571429,45.85012109126984
B-G-4,2021-02-01,15.975165020026703,43.473865309301296
B-G-4,2021-03-01,18.423652961184477,35.32616996798719
B-G-4,2021-04-01,16.872867851851858,31.662643068783066
B-G-4,2021-05-01,12.607166629526468,33.814890966971745
B-G-4,2021-06-01,46.81806473988439,30.987275061932287
B-G-4,2021-07-01,14.790336210739618,27.854606585612967
B-G-4,2021-08-01,25.78477207243461,57.852580020120726
B-G-4,2021-09-01,19.335200793650795,52.37673494152047
B-G-4,2021-10-01,17.768094390637614,50.949238297013714
B-G-4,2021-11-01,17.64536980500821,49.11601366995074
B-G-4,2021-12-01,14.337001449215293,29.292087102615696
B-G-4,2022-01-01,14.595179205656063,39.58986213349969
B-G-4,2022-02-01,24.98391376294286,43.41626266666667
B-G-4,2022-03-01,22.67922237673831,41.883300442477875
B-G-4,2022-04-01,24.266119814306816,56.936543996623755
B-G-4,2022-05-01,21.05898797619048,58.12856751984127
B-G-4,2022-06-01,18.021895833333335,57.92058438013136
B-G-4,2022-07-01,15.673023373015875,53.01210835317461
B-G-4,2022-08-01,16.924750133607404,48.25527223021582
B-G-4,2022-09-01,25.856312923076928,53.002688175824176
B-G-4,2022-10-01,24.58488893237295,47.21420278111245
B-G-4,2022-11-01,27.19104098932677,51.15009472495895
B-G-4,2022-12-01,29.30705017944822,49.82123177460837
B-G-4,2023-01-01,25.437644715250972,51.45751167953668
B-G-4,2023-02-01,25.118768160597575,50.541838632119514
B-G-4,2023-03-01,22.025839678068415,46.40716655935614
B-G-4,2023-04-01,25.804000474599224,41.20807858330251
B-G-4,2023-05-01,22.460365995382002,31.550308172006805
B-G-4,2023-06-01,18.53870358914888,28.290312289579912
B-G-4,2023-07-01,17.413001181146434,29.04839771299424
B-G-4,2023-08-01,19.15931972319187,28.198802604818358
B-G-4,2023-09-01,19.196501849701956,29.026482003939705
B-G-4,2023-10-01,17.203200512973613,29.409182908373875
B-G-6,2023-04-01,96.96827217246377,40.78939527180124
B-G-6,2023-05-01,66.02392142697367,49.73347785158992
B-G-6,2023-06-01,43.570135297670355,56.2795860700089
B-G-6,2023-07-01,29.883769451910066,59.17470280776629
B-G-6,2023-08-01,17.056416823660506,59.247348318176705
B-G-6,2023-09-01,16.667779419500476,54.732898276646765
B-G-6,2023-10-01,16.463868598684204,48.05297533674259
B-G-8,2023-02-01,16.878341417936902,38.21221850407657
B-G-8,2023-03-01,16.84938993139629,43.8479072235674
B-G-8,2023-04-01,17.66973913899066,35.39448003425185
B-G-8,2023-05-01,17.843817544896094,47.702076114066415
B-G-8,2023-06-01,19.25579828378982,55.57454740688287
B-G-8,2023-07-01,18.158529232545202,53.07345643681369
B-G-8,2023-08-01,18.651902806175904,54.970517828246905
B-G-8,2023-09-01,17.973489852048168,51.60654246118773
B-G-8,2023-10-01,17.5339229763379,49.54686411418251
B-L-1,2018-01-01,30.990201720688273,73.86708231292518
B-L-1,2018-02-01,31.36781938139742,74.09029283489097
B-L-1,2018-03-01,29.92664676606891,74.31055843239976
B-L-1,2018-04-01,27.38332102774923,73.07994147995889
B-L-1,2018-05-01,23.760122817460317,73.74900462301588
B-L-1,2018-06-01,23.828221346469622,73.91065502873563
B-L-1,2018-07-01,22.510390416666667,73.53528234126985
B-L-1,2018-08-01,22.420641853512706,64.6126734144779
B-L-1,2018-09-01,22.739867980295568,65.82628230706077
B-L-1,2018-10-01,21.4907796031746,73.53893051587302
B-L-1,2018-11-01,20.984151587301586,72.2427015873016
B-L-1,2018-12-01,26.615625409107142,70.85051051587301
B-L-1,2019-01-01,28.110913915994438,69.69309290681502
B-L-1,2019-02-01,29.20158470017637,72.55145776014109
B-L-1,2019-03-01,29.20925900793651,72.6166126984127
B-L-1,2019-04-01,30.350885283251234,71.11892019704433
B-L-1,2019-05-01,30.63388932561851,72.06471209098164
B-L-1,2019-06-01,30.286153263546797,72.33586988916255
B-L-1,2019-07-01,29.480821944444447,72.4692318452381
B-L-1,2019-08-01,28.868590482813435,72.40944400953705
B-L-1,2019-09-01,28.686066379310343,72.26937670361248
B-L-1,2019-10-01,28.457011845238092,72.36213285714285
B-L-1,2019-11-01,28.410420123329907,72.29696503597123
B-L-1,2019-12-01,28.162166468253968,72.24801077380953
B-L-1,2020-01-01,27.668874908424907,73.31135538003663
B-L-1,2020-02-01,25.148380718537414,70.79518718112244
B-L-1,2020-03-01,26.44439755952381,72.35950101190475
B-L-1,2020-04-01,26.179228407224958,72.24812910509031
B-L-1,2020-05-01,25.866919166666666,72.3119651388889
B-L-1,2020-06-01,3.455237171592775,71.96035554187192
B-L-1,2020-07-01,23.05839845238095,71.67404716269841
B-L-1,2020-08-01,25.077712775680506,71.57209632425989
B-L-1,2020-09-01,24.921385529290855,73.30349229188079
B-L-1,2020-10-01,24.5935710591133,72.75892222906404
B-L-1,2020-11-01,23.35663273809524,69.85752619047618
B-L-1,2020-12-01,24.40138902777778,71.83562041666666
B-L-1,2021-01-01,24.04151533730159,51.85988630952381
B-L-1,2021-02-01,8.492083333333333,29.551342460317457
B-L-1,2021-03-01,0.0,30.561866878601233
B-L-1,2021-04-01,9.819471469622332,61.4232354679803
B-L-1,2021-05-01,122.2647986111111,67.10776990079366
B-L-1,2021-06-01,110.25520894909687,67.9644638136289
B-L-1,2021-07-01,101.86166922619047,67.21991970238095
B-L-1,2021-08-01,98.35824154761906,65.0262168452381
B-L-1,2021-09-01,92.9681208246564,64.74940304039984
B-L-1,2021-10-01,80.91312077380952,61.59136033730159
B-L-1,2021-11-01,72.35610772577996,58.67072959770115
B-L-1,2021-12-01,72.81328228730823,60.97618252639968
B-L-1,2022-01-01,64.37789805555556,57.40435609126984
B-L-1,2022-02-01,44.59464342336861,62.299680291005295
B-L-1,2022-03-01,22.691364305555556,60.35089638888889
B-L-1,2022-04-01,15.26283710021322,44.45184130063966
B-L-1,2022-05-01,94.78998571618253,46.53111716269841
B-L-1,2022-06-01,107.44714618226601,67.45146619458127
B-L-1,2022-07-01,57.43033603936508,56.14431956349206
B-L-1,2022-08-01,41.20565353736084,28.341727422003284
B-L-1,2022-09-01,43.87133248580177,28.14824416737109
B-L-1,2022-10-01,18.19648940592092,28.29273147228293
B-L-1,2022-11-01,3.902736836746032,28.72124378968254
B-L-1,2022-12-01,0.0,28.673252857142856
B-L-1,2023-01-01,0.0,28.672145322580647
B-L-1,2023-02-01,0.0,29.31465077160494
B-L-1,2023-03-01,0.0,32.808676554621854
B-L-1,2023-04-01,0.0,30.18337417687709
B-L-1,2023-05-01,0.0,29.901773386918066
B-L-1,2023-06-01,0.0,29.554864989771485
B-L-1,2023-07-01,0.0,29.268825262243006
B-L-1,2023-08-01,0.0,28.955854357473548
B-L-1,2023-09-01,0.0,28.976241903855698
B-L-1,2023-10-01,0.0,29.71210511050069
B-L-10,2022-10-01,13.477518165784833,50.2491557319224
B-L-10,2022-11-01,14.839778505952381,45.83004946428571
B-L-10,2022-12-01,11.944706054131055,29.472396459096455
B-L-10,2023-01-01,13.38438979262673,35.6191396313364
B-L-10,2023-02-01,11.876848573633158,35.27499775132275
B-L-10,2023-03-01,13.353639314033982,33.62052626389763
B-L-10,2023-04-01,15.626478892093667,16.845978973614812
B-L-10,2023-05-01,16.077722122228863,0.0
B-L-10,2023-06-01,16.38537932236932,0.0
B-L-10,2023-07-01,15.493909683161933,0.0
B-L-10,2023-10-01,15.405041150793652,0.0
B-L-14,2018-01-01,22.492778471388558,72.1377200080032
B-L-14,2018-02-01,23.037057320872275,63.337379216733424
B-L-14,2018-03-01,21.758439391497078,55.19611464839815
B-L-14,2018-04-01,20.264634285714287,17.720595991778005
B-L-14,2018-05-01,21.57833718253968,51.155581805555556
B-L-14,2018-06-01,22.89277908456486,53.23739094827586
B-L-14,2018-07-01,20.913089285714285,52.48859196428571
B-L-14,2018-08-01,20.58712579543028,51.510329340166564
B-L-14,2018-09-01,23.10630361271676,52.65802896366639
B-L-14,2018-10-01,18.09007958333333,56.00600569444444
B-L-14,2018-11-01,18.055261450931678,49.774583180124225
B-L-14,2018-12-01,16.787772023809524,52.47928628968254
B-L-14,2019-01-01,17.59470075501689,51.480649632425994
B-L-14,2019-02-01,16.339903527336862,43.388623787477954
B-L-14,2019-03-01,16.44331784722222,52.56132873015873
B-L-14,2019-04-01,19.04022100320197,42.349438382594414
B-L-14,2019-05-01,7.165292780486832,29.492064026336795
B-L-14,2019-06-01,0.06791185404351395,28.496844950738915
B-L-14,2019-07-01,1.4857259966031746,21.650114821428573
B-L-14,2019-08-01,34.88862208819591,44.403451142459765
B-L-14,2019-09-01,33.807781650246305,50.521993821839075
B-L-14,2019-10-01,26.706910793650792,50.96880628968254
B-L-14,2019-11-01,24.62729763617677,50.61536302158274
B-L-14,2019-12-01,22.539349265873017,50.222202400793655
B-L-14,2020-01-01,21.736802541208792,49.731788347069596
B-L-14,2020-02-01,20.867276764455784,47.83982795493197
B-L-14,2020-03-01,20.507188513373016,48.02510073412699
B-L-14,2020-04-01,20.093977175697866,48.04795607553367
B-L-14,2020-05-01,19.140462797619048,48.12638851190476
B-L-14,2020-06-01,17.39313526669879,44.68037315270936
B-L-14,2020-07-01,20.453464484126982,46.774486805555554
B-L-14,2020-08-01,12.9412769719849,46.81512487581959
B-L-14,2020-09-01,20.850402137718397,46.20345769784173
B-L-14,2020-10-01,19.437907738095237,46.29268864942529
B-L-14,2020-11-01,20.622900759441706,46.22419209770115
B-L-14,2020-12-01,20.800165535714285,11.057468293650793
B-L-14,2021-01-01,18.884742162698412,28.696405119047622
B-L-14,2021-02-01,19.237848919753084,44.50832402998236
B-L-14,2021-03-01,17.372604947347504,42.820174488376715
B-L-14,2021-04-01,17.069938362068967,43.99195605500821
B-L-14,2021-05-01,16.931714325396825,43.80423128968254
B-L-14,2021-06-01,8.568452422003284,43.107202052545155
B-L-14,2021-07-01,12.182640773809524,42.132161726190475
B-L-14,2021-08-01,17.344002936507938,41.59812335317461
B-L-14,2021-09-01,16.589708996251563,41.03788546438984
B-L-14,2021-10-01,16.585975496031747,41.79863720238095
B-L-14,2021-11-01,22.876904250821017,38.24114441707717
B-L-14,2021-12-01,14.927740087666868,40.33283988842399
B-L-14,2022-01-01,11.366110456349206,35.904364603174606
B-L-14,2022-02-01,0.6170493165784832,35.90349880952381
B-L-14,2022-03-01,3.9008113838749603,27.411958273809525
B-L-14,2022-04-01,0.005502734378606618,24.23525855031668
B-L-14,2022-05-01,0.0023866089274744936,23.990040382653063
B-L-14,2022-06-01,0.0006127786863711003,23.8209177955665
B-L-14,2022-07-01,0.0,23.00126527777778
B-L-14,2022-08-01,0.0,22.52252089490969
B-L-14,2022-09-01,0.0,21.755129501267962
B-L-14,2022-10-01,0.0,21.134157838267434
B-L-14,2022-11-01,9.426054960798728,28.175874766540833
B-L-14,2022-12-01,12.646959506826983,30.19137034848176
B-L-14,2023-01-01,4.892145,28.669435184331796
B-L-14,2023-02-01,0.0,28.553597798742135
B-L-14,2023-03-01,0.0,39.50710971786834
B-L-14,2023-04-01,0.0,31.177113416325064
B-L-14,2023-05-01,0.0,39.88457872798617
B-L-14,2023-06-01,0.0,30.149075535064316
B-L-14,2023-07-01,0.0,32.60936216369213
B-L-14,2023-08-01,0.0,67.52747544274692
B-L-15,2018-01-01,14.579116426570629,0.0
B-L-15,2018-02-01,0.0,0.0
B-L-15,2018-03-01,0.0,0.0
B-L-15,2018-04-01,0.0,0.0
B-L-15,2018-05-01,0.0,0.0
B-L-15,2018-06-01,0.0,0.0
B-L-15,2018-07-01,0.0,0.0
B-L-15,2018-08-01,0.0,0.0
B-L-15,2018-09-01,0.0,1.177250431034483
B-L-15,2018-10-01,0.0,0.0
B-L-15,2018-11-01,1.3826330459770115,0.0
B-L-15,2018-12-01,0.34866268055555555,0.0
B-L-15,2019-01-01,0.0,0.0
B-L-15,2019-02-01,0.0,0.0
B-L-15,2019-03-01,0.0,0.0
B-L-15,2019-04-01,0.0,0.0
B-L-15,2019-05-01,0.0,0.0
B-L-15,2019-06-01,0.0,0.11338649425287356
B-L-15,2019-07-01,0.18125541666666664,0.8576777777777778
B-L-15,2019-08-01,0.5506130041724618,0.683489568845619
B-L-15,2019-09-01,16.43522353037767,0.0
B-L-15,2019-10-01,18.19954005952381,0.0
B-L-15,2019-11-01,18.318857204522097,0.0
B-L-15,2019-12-01,17.308205734126986,0.0
B-L-15,2020-01-01,17.35513646978022,0.0
B-L-15,2020-02-01,15.736088142006803,0.0
B-L-15,2020-03-01,15.615677698412698,0.0
B-L-15,2020-04-01,16.524284954844006,0.0
B-L-15,2020-05-01,16.366235089285716,0.0
B-L-15,2020-06-01,15.008794683908047,0.0
B-L-15,2020-07-01,14.847146626984129,0.0
B-L-15,2020-08-01,14.412003357838266,0.0
B-L-15,2020-09-01,15.798300616649538,0.0
B-L-15,2020-10-01,15.490357573891625,0.0
B-L-15,2020-11-01,18.38100459770115,0.0
B-L-15,2020-12-01,18.60328113095238,0.0
B-L-15,2021-01-01,17.081844326051588,0.0
B-L-15,2021-02-01,18.259237455908288,0.0
B-L-15,2021-03-01,16.960239081349208,0.0
B-L-15,2021-04-01,16.77255663998358,0.0
B-L-15,2021-05-01,17.252905496031744,0.0
B-L-15,2021-06-01,17.385589552545156,0.0
B-L-15,2021-07-01,17.25991607142857,0.0
B-L-15,2021-08-01,17.682708432539684,0.0
B-L-15,2021-09-01,17.49117176176593,0.0
B-L-15,2021-10-01,18.16370353174603,0.0
B-L-15,2021-11-01,34.315156917077175,0.0
B-L-15,2021-12-01,14.2263384140267,0.0
B-L-15,2022-01-01,13.64418382936508,0.0
B-L-15,2022-02-01,14.025392757936507,0.0
B-L-15,2022-03-01,13.809675456349206,0.0
B-L-15,2022-04-01,13.321292915787005,0.0
B-L-15,2022-05-01,24.73717724489796,0.0
B-L-15,2022-06-01,29.737054125615764,0.0
B-L-15,2022-07-01,27.45964193452381,0.0
B-L-15,2022-08-01,27.20385378919134,0.0
B-L-15,2022-09-01,27.036722071428574,0.0
B-L-15,2022-10-01,29.537339839062188,0.0
B-L-15,2022-11-01,21.795270218253968,0.0
B-L-15,2022-12-01,10.392930222531293,0.0
B-L-15,2023-01-01,0.0,0.0
B-L-15,2023-02-01,0.0,0.0
B-L-15,2023-03-01,0.0,0.0
B-L-15,2023-04-01,0.0,0.0
B-L-15,2023-05-01,0.0,0.0
B-L-15,2023-06-01,0.0,0.0
B-L-15,2023-07-01,0.0,0.0
B-L-15,2023-08-01,0.0,0.0
B-L-15,2023-09-01,0.0,0.0
B-L-15,2023-10-01,0.0,0.0
B-L-16,2018-01-01,21.139184453781514,66.33876646658663
B-L-16,2018-02-01,21.23397142857143,66.38610459104079
B-L-16,2018-03-01,22.273497783598632,66.43909278662099
B-L-16,2018-04-01,16.42608022548818,35.306855724563206
B-L-16,2018-05-01,20.689206666666667,15.898751746031746
B-L-16,2018-06-01,21.838598788998357,0.0
B-L-16,2018-07-01,20.289460238095238,0.0
B-L-16,2018-08-01,5.398303966269841,0.0
B-L-16,2018-09-01,8.635233433908047,25.09859022988506
B-L-16,2018-10-01,2.0504041374999997,6.499061111111111
B-L-16,2018-11-01,1.3637547270114942,4.49323591954023
B-L-16,2018-12-01,0.4444837361111111,1.481967361111111
B-L-16,2019-01-01,0.0,0.0
B-L-16,2019-02-01,0.0,0.0
B-L-16,2019-03-01,0.0,0.0
B-L-16,2019-04-01,0.0,0.0
B-L-16,2019-05-01,0.0,0.0
B-L-16,2019-06-01,0.02736781609195402,0.0
B-L-16,2019-07-01,0.17710680555555555,0.0
B-L-16,2019-08-01,1.312872726743493,0.0
B-L-16,2019-09-01,13.999943009031197,0.0
B-L-16,2019-10-01,17.658741547619048,0.0
B-L-16,2019-11-01,18.002748756423433,0.0
B-L-16,2019-12-01,16.749420277777777,0.0
B-L-16,2020-01-01,16.747203136446885,0.0
B-L-16,2020-02-01,14.589833458758502,0.0
B-L-16,2020-03-01,15.20908611111111,0.0
B-L-16,2020-04-01,15.955990845648603,0.0
B-L-16,2020-05-01,15.702990813492063,0.0
B-L-16,2020-06-01,15.422535090804598,0.0
B-L-16,2020-07-01,14.00624603174603,0.0
B-L-16,2020-08-01,15.744094655275182,0.0
B-L-16,2020-09-01,15.837283432682424,0.0
B-L-16,2020-10-01,15.398222044334975,0.0
B-L-16,2020-11-01,15.938444724958948,0.0
B-L-16,2020-12-01,15.751955992063492,0.0
B-L-16,2021-01-01,15.574699007936507,0.0
B-L-16,2021-02-01,15.919511904761904,0.0
B-L-16,2021-03-01,14.739892301587302,0.0
B-L-16,2021-04-01,16.014290287356324,0.0
B-L-16,2021-05-01,15.770743511904762,0.0
B-L-16,2021-06-01,15.964807943349753,0.0
B-L-16,2021-07-01,15.719480575396826,0.0
B-L-16,2021-08-01,24.489290476190476,0.0
B-L-16,2021-09-01,15.768066743023741,0.0
B-L-16,2021-10-01,15.308591130952381,0.0
B-L-16,2021-11-01,15.550846756978654,0.0
B-L-16,2021-12-01,15.839567244471011,0.0
B-L-16,2022-01-01,37.934925462500004,0.0
B-L-16,2022-02-01,66.894605489418,0.0
B-L-16,2022-03-01,64.62893196428571,0.0
B-L-16,2022-04-01,64.35542859488623,0.0
B-L-16,2022-05-01,36.12676584183673,0.0
B-L-16,2022-06-01,15.53353366174056,0.0
B-L-16,2022-07-01,16.933753849206347,0.0
B-L-16,2022-08-01,13.11312959770115,0.0
B-L-16,2022-09-01,12.819228280227895,0.0
B-L-16,2022-10-01,20.815513928074708,0.0
B-L-16,2022-11-01,25.700705000000003,0.0
B-L-16,2022-12-01,16.94147377216222,0.0
B-L-16,2023-01-01,13.725316218081435,0.0
B-L-16,2023-02-01,15.422931922398588,0.0
B-L-16,2023-03-01,15.455895712194101,0.0
B-L-16,2023-04-01,35.871076175080276,0.0
B-L-16,2023-05-01,26.644659001532034,0.0
B-L-16,2023-06-01,19.895288111384783,0.0
B-L-16,2023-07-01,17.18218509119478,0.0
B-L-16,2023-08-01,17.35711416603836,0.0
B-L-16,2023-09-01,17.621933938033216,0.0
B-L-16,2023-10-01,17.046822477560582,0.0
B-L-17,2018-01-01,27.171185334133654,58.192840256102436
B-L-17,2018-02-01,54.17377314196707,63.497039207832664
B-L-17,2018-03-01,30.03137932701995,73.2731508966351
B-L-17,2018-04-01,25.630617697841725,68.34999835560123
B-L-17,2018-05-01,20.80817228174603,59.51050775793651
B-L-17,2018-06-01,22.29000225779967,61.22970837438424
B-L-17,2018-07-01,20.108489688492064,49.57462605158731
B-L-17,2018-08-01,20.48349363655776,56.3088465086483
B-L-17,2018-09-01,26.674985467980296,76.21702471264368
B-L-17,2018-10-01,21.276471408730156,74.95154660714284
B-L-17,2018-11-01,20.085470832298135,69.58396636024845
B-L-17,2018-12-01,24.948899642857143,54.495557103174605
B-L-17,2019-01-01,60.62721730578184,70.65655140075502
B-L-17,2019-02-01,45.174117482363314,70.50958672839506
B-L-17,2019-03-01,39.19388109126984,69.24288632936508
B-L-17,2019-04-01,32.393396982758624,71.71699677750411
B-L-17,2019-05-01,20.544736437948924,66.84580345171588
B-L-17,2019-06-01,18.08912805829228,73.09808341543514
B-L-17,2019-07-01,18.929803115079366,65.3151954563492
B-L-17,2019-08-01,19.613101827935623,40.87280415259289
B-L-17,2019-09-01,16.57250607553366,44.10538277914614
B-L-17,2019-10-01,17.60112375,40.357764623015875
B-L-17,2019-11-01,28.48792283658787,45.24072970195272
B-L-17,2019-12-01,21.40337188492063,65.02855946428572
B-L-17,2020-01-01,17.36681879578754,63.56317483974359
B-L-17,2020-02-01,18.31910652636054,63.818023320578234
B-L-17,2020-03-01,18.381268849206343,63.15869448412698
B-L-17,2020-04-01,18.32119573070607,57.66786120689655
B-L-17,2020-05-01,17.452421329365073,65.09366474206348
B-L-17,2020-06-01,18.278504885057465,63.41537785303777
B-L-17,2020-07-01,18.49426783730158,62.615185357142856
B-L-17,2020-08-01,16.23493035962646,59.363434253924105
B-L-17,2020-09-01,17.340384419321683,64.18992883864337
B-L-17,2020-10-01,18.094475554187188,62.63449735221675
B-L-17,2020-11-01,17.593658932676515,62.886666769293925
B-L-17,2020-12-01,18.655904027777773,63.63799573412698
B-L-17,2021-01-01,15.441753432539677,66.67335303571429
B-L-17,2021-02-01,15.60328267195767,71.1265261904762
B-L-17,2021-03-01,14.994955672561092,66.21711609378104
B-L-17,2021-04-01,101.81756967553365,67.56398458538588
B-L-17,2021-05-01,15.098608253968251,70.7091188888889
B-L-17,2021-06-01,15.198216317733985,69.5248123768473
B-L-17,2021-07-01,15.408969861111107,68.70323823412699
B-L-17,2021-08-01,14.826372956349203,66.93977793650794
B-L-17,2021-09-01,15.406489171178674,67.35712317784257
B-L-17,2021-10-01,15.537318055555552,66.9126173015873
B-L-17,2021-11-01,16.4643698275862,65.56710098522167
B-L-17,2021-12-01,13.776310858736798,63.507429906355846
B-L-17,2022-01-01,13.509980277777775,66.60193690476191
B-L-17,2022-02-01,13.831967504409167,71.36404186507937
B-L-17,2022-03-01,13.519271944444439,67.75984371031745
B-L-17,2022-04-01,12.289052850736704,64.94012002989537
B-L-17,2022-05-01,11.155678025793648,65.84084511904763
B-L-17,2022-06-01,14.046258930623969,65.58593050082102
B-L-17,2022-07-01,13.431686321428568,53.507379642857146
B-L-17,2022-08-01,13.400711208949094,43.52689942528736
B-L-17,2022-09-01,13.453488401098896,56.243586918850376
B-L-17,2022-10-01,21.349597277965422,74.40651378899265
B-L-17,2022-11-01,25.18396172619047,72.37394746031747
B-L-17,2022-12-01,17.224536740499893,51.66633086770982
B-L-17,2023-01-01,13.02363735023041,29.15344753456221
B-L-17,2023-02-01,13.191827339065252,28.674491115520283
B-L-17,2023-03-01,12.495265806182118,29.026418838763576
B-L-17,2023-04-01,16.36510047439623,47.826568548287625
B-L-17,2023-05-01,16.160251446219654,55.57688230440045
B-L-17,2023-06-01,16.5783945497229,45.28496479985974
B-L-17,2023-07-01,15.421306046231535,30.381278072716736
B-L-17,2023-08-01,15.824548768022481,30.40676054657738
B-L-17,2023-09-01,11.855254018808141,30.47150912411274
B-L-17,2023-10-01,13.00561931767813,31.44986320627085
B-L-18,2018-01-01,27.34290842336935,51.39837478991596
B-L-18,2018-02-01,61.58074819759679,74.59395476190477
B-L-18,2018-03-01,29.712376425549063,76.07230951037678
B-L-18,2018-04-01,26.491729743062695,74.45166437821172
B-L-18,2018-05-01,23.403847956349207,72.22042376984128
B-L-18,2018-06-01,23.220198275862067,71.39231192528734
B-L-18,2018-07-01,21.834766845238097,70.60382956349207
B-L-18,2018-08-01,21.44377059577194,70.51825464445868
B-L-18,2018-09-01,19.48819578407225,67.94021225369458
B-L-18,2018-10-01,17.812878492063493,38.82932271825397
B-L-18,2018-11-01,15.253562119336468,41.50961267640505
B-L-18,2018-12-01,30.925657873015872,46.45108498015873
B-L-18,2019-01-01,35.43147623683688,77.64625875223524
B-L-18,2019-02-01,30.840332605820105,75.77344627425043
B-L-18,2019-03-01,30.091066269841267,74.7764501984127
B-L-18,2019-04-01,29.753383682266012,74.14392516420361
B-L-18,2019-05-01,29.44751466480447,73.55740033918595
B-L-18,2019-06-01,29.01697319376026,73.12042452791461
B-L-18,2019-07-01,27.930451468253967,71.32740337301587
B-L-18,2019-08-01,26.306625670574213,71.77555231472283
B-L-18,2019-09-01,23.374145299671593,71.3347363095238
B-L-18,2019-10-01,23.520973313492064,71.55555875
B-L-18,2019-11-01,21.127973286742034,70.82496770811922
B-L-18,2019-12-01,20.240935694444445,72.03945232142857
B-L-18,2020-01-01,19.51027032967033,73.34907387820512
B-L-18,2020-02-01,14.441303594812926,41.32137540391157
B-L-18,2020-03-01,14.770320444246032,36.76349837301587
B-L-18,2020-04-01,15.841796674876848,6.949656588669951
B-L-18,2020-05-01,15.503389404761904,0.0
B-L-18,2020-06-01,14.584307101806239,0.0
B-L-18,2020-07-01,15.138042712301589,22.622265555555554
B-L-18,2020-08-01,18.87617947546195,75.81009437711107
B-L-18,2020-09-01,18.837437286742034,71.14860682425488
B-L-18,2020-10-01,17.224642672413793,73.73301662561576
B-L-18,2020-11-01,16.920441851395733,64.43570478243021
B-L-18,2020-12-01,17.240113323412697,51.48011367063492
B-L-18,2021-01-01,14.937969118789683,36.16648244047619
B-L-18,2021-02-01,20.039597597001762,76.46998518518518
B-L-18,2021-03-01,17.964089707927677,75.7327163520763
B-L-18,2021-04-01,16.32746106321839,70.43458468801313
B-L-18,2021-05-01,17.528760535714287,71.19101267857143
B-L-18,2021-06-01,17.705105849753693,71.37319735221675
B-L-18,2021-07-01,17.27921601190476,70.52514617063493
B-L-18,2021-08-01,16.71699337301587,71.63210017857142
B-L-18,2021-09-01,15.910134443981674,65.56203617242815
B-L-18,2021-10-01,14.876407661434532,63.14755569242996
B-L-18,2021-11-01,15.439103201970443,73.47404735221674
B-L-18,2021-12-01,15.990445825861727,74.98806485355648
B-L-18,2022-01-01,17.77363253968254,78.69399694444444
B-L-18,2022-02-01,19.140268540564374,78.59571395502645
B-L-18,2022-03-01,16.7137225,74.1600921031746
B-L-18,2022-04-01,15.170017590618338,70.64272833688699
B-L-18,2022-05-01,14.636869642857144,69.95163843253968
B-L-18,2022-06-01,13.09338981609606,58.14175318144499
B-L-18,2022-07-01,13.786697123015871,58.16782222222223
B-L-18,2022-08-01,13.296926824254882,47.944649619732786
B-L-18,2022-09-01,13.453471172486774,46.158905164021164
B-L-18,2022-10-01,11.326021541816411,7.5379930856348105
B-L-18,2022-11-01,15.122861904761905,0.0
B-L-18,2022-12-01,12.285365583859791,0.0
B-L-18,2023-01-01,13.700103594470047,0.0
B-L-18,2023-02-01,12.130694309964728,0.0
B-L-18,2023-03-01,13.842272325873248,0.0
B-L-18,2023-04-01,16.216435225744686,0.0
B-L-18,2023-05-01,16.69490369104071,0.0
B-L-18,2023-06-01,16.67244950316434,0.0
B-L-18,2023-07-01,15.793898289343662,0.0
B-L-18,2023-08-01,16.11720613295304,0.0
B-L-18,2023-09-01,16.472462829866995,0.0
B-L-18,2023-10-01,16.04850887387504,0.0
B-L-19,2020-07-01,3.4336373797376094,27.657679045189507
B-L-19,2020-08-01,4.668447641565667,1.6315854361215973
B-L-19,2020-09-01,14.956549505969535,0.0
B-L-19,2020-10-01,13.97326116584565,0.0
B-L-19,2020-11-01,11.679808596059114,4.297941728243021
B-L-19,2020-12-01,18.63979833134921,31.0257635515873
B-L-19,2021-01-01,24.9570775,59.02309373015873
B-L-19,2021-02-01,20.896837654320986,59.86950185185185
B-L-19,2021-03-01,18.896404485714285,53.65550997959184
B-L-19,2021-04-01,18.840250123152714,59.36115751231527
B-L-19,2021-05-01,18.501188670634924,59.42136496031746
B-L-19,2021-06-01,19.02441518883416,59.5166927545156
B-L-19,2021-07-01,18.373181964285717,59.836914900793644
B-L-19,2021-08-01,18.631867976190478,60.05130041666667
B-L-19,2021-09-01,18.005282176176596,54.721000083298634
B-L-19,2021-10-01,17.507568507848205,59.95999354261871
B-L-19,2021-11-01,12.40206860632184,42.46849468390805
B-L-19,2021-12-01,13.435742421996414,30.363554413229725
B-L-19,2022-01-01,13.000805000000001,29.13675488095238
B-L-19,2022-02-01,34.62952211199295,28.909788029100532
B-L-19,2022-03-01,19.00707602225564,28.96288814536341
B-L-19,2022-04-01,36.864809951822366,31.76807383745287
B-L-19,2022-05-01,33.10451743055556,29.866819424603175
B-L-19,2022-06-01,23.510821297619046,29.796703407224957
B-L-19,2022-07-01,64.43137625,22.06522636904762
B-L-19,2022-08-01,13.936502114121511,52.030542631362884
B-L-19,2022-09-01,13.573714922979534,51.89294823802489
B-L-19,2022-10-01,16.78644357639579,53.01931446453408
B-L-19,2022-11-01,13.778119365079364,54.56017236111111
B-L-19,2022-12-01,13.832608081632653,54.75723408163265
B-L-19,2023-01-01,13.249712004608295,54.97742218894009
B-L-19,2023-02-01,14.084765352733687,55.23156276455027
B-L-19,2023-03-01,11.400811236424396,65.91370616123642
B-L-19,2023-04-01,17.969306455083007,51.034782770489166
B-L-19,2023-05-01,35.72181455318579,55.75500939201878
B-L-19,2023-06-01,33.89850565002395,51.61421149367131
B-L-19,2023-07-01,29.2563794400457,49.67565111835883
B-L-19,2023-08-01,25.448930995502643,51.728322870403446
B-L-19,2023-09-01,25.334091161160497,59.2222539310144
B-L-19,2023-10-01,18.690390469469143,58.47678375955559
B-L-2,2022-12-01,-0.2787862057142857,4.618283469387755
B-L-2,2023-01-01,6.335315565207374,29.141684308755757
B-L-2,2023-02-01,73.95035777336861,56.99448741181658
B-L-2,2023-03-01,75.57900247899158,74.50396147058824
B-L-2,2023-04-01,81.17747222371386,75.01445296717907
B-L-2,2023-05-01,74.40372599797767,74.22496575248057
B-L-2,2023-06-01,66.66707867698071,73.62576554565203
B-L-2,2023-07-01,63.624315365653345,71.59959607643552
B-L-2,2023-08-01,70.63830067243717,72.05121863733466
B-L-2,2023-09-01,70.89307451930603,71.79327234970711
B-L-2,2023-10-01,70.80176386138373,70.14369693465176
B-L-20,2020-07-01,11.794209061015712,29.188316331750094
B-L-20,2020-08-01,22.45942894098947,42.19788921120604
B-L-20,2020-09-01,38.38419718396711,63.86931695786228
B-L-20,2020-10-01,34.70486410098522,67.68767859195403
B-L-20,2020-11-01,29.48559768062397,66.14261943760263
B-L-20,2020-12-01,21.17154101190476,66.41903680555555
B-L-20,2021-01-01,16.79548030952381,65.18262676587302
B-L-20,2021-02-01,15.457057231040565,57.320892019400354
B-L-20,2021-03-01,27.198490317460315,58.638789345238095
B-L-20,2021-04-01,29.057196366995072,68.73450535714285
B-L-20,2021-05-01,23.395602996031748,64.04459646825397
B-L-20,2021-06-01,18.35048961412151,63.35880032840722
B-L-20,2021-07-01,14.865948214285714,60.865061646825396
B-L-20,2021-08-01,14.927820238095238,47.011441845238096
B-L-20,2021-09-01,20.396318832778007,54.76634098292378
B-L-20,2021-10-01,28.2600488774091,67.40874953308166
B-L-20,2021-11-01,23.046412356321838,65.58315309934319
B-L-20,2021-12-01,24.66387230524009,63.47598137079099
B-L-20,2022-01-01,20.158675496031748,54.751372976190474
B-L-20,2022-02-01,22.080519356261025,61.43174345238096
B-L-20,2022-03-01,19.47789484126984,61.5581786904762
B-L-20,2022-04-01,37.97286213965407,47.11209790732437
B-L-20,2022-05-01,15.509959642857144,73.17429658730158
B-L-20,2022-06-01,14.61597105500821,64.29850045155995
B-L-20,2022-07-01,13.64121089484127,54.41188678571428
B-L-20,2022-08-01,13.455197362795477,47.06358421377184
B-L-20,2022-09-01,13.646156051141165,47.215887193575654
B-L-20,2022-10-01,14.461164261871646,48.81006201072918
B-L-20,2022-11-01,16.543360376984126,55.612628869047626
B-L-20,2022-12-01,14.086542979242978,45.01549214489214
B-L-20,2023-01-01,13.148256497695852,41.21145497695853
B-L-20,2023-02-01,16.99069442239859,49.650940167548505
B-L-20,2023-03-01,25.15410610750889,54.92135747751516
B-L-20,2023-04-01,37.99408117158889,74.50978367039842
B-L-20,2023-05-01,16.811891146858606,66.12168464244206
B-L-20,2023-06-01,16.686467196120688,31.931278878831417
B-L-20,2023-07-01,15.519151237068678,28.929465750364262
B-L-20,2023-08-01,15.895278956266536,28.75031856314484
B-L-20,2023-09-01,15.912921454427675,28.936586981128112
B-L-20,2023-10-01,15.535593305711213,28.262001722389112
B-L-21,2020-07-01,20.47265193148688,28.197877368804665
B-L-21,2020-08-01,33.075594675144046,11.98424253924101
B-L-21,2020-09-01,19.998265520790447,56.61057146974063
B-L-21,2020-10-01,17.01497711412151,56.35420704022989
B-L-21,2020-11-01,17.387173193760265,49.45761091954023
B-L-21,2020-12-01,15.321031765873016,53.25007426587302
B-L-21,2021-01-01,15.583460545634921,52.86870476190476
B-L-21,2021-02-01,15.139809435626104,55.377983752204585
B-L-21,2021-03-01,14.600449387755102,54.94712044897959
B-L-21,2021-04-01,15.815160870279147,54.6754314860427
B-L-21,2021-05-01,14.808186706349206,54.61024448412699
B-L-21,2021-06-01,14.800566155582922,53.98868879310344
B-L-21,2021-07-01,14.995874623015872,52.96903990079365
B-L-21,2021-08-01,74.77470005952381,57.94824849206349
B-L-21,2021-09-01,98.11100805914202,61.88369273219492
B-L-21,2021-10-01,94.16928795946751,64.0084678720445
B-L-21,2021-11-01,68.07570268883416,53.906613505747124
B-L-21,2021-12-01,82.90832747559274,66.10859005778043
B-L-21,2022-01-01,68.84929850992063,68.0859773015873
B-L-21,2022-02-01,72.39835350529101,64.76574839065256
B-L-21,2022-03-01,69.24283903596404,65.2837023976024
B-L-21,2022-04-01,67.09123472689076,65.41433960084034
B-L-21,2022-05-01,64.40029232142858,65.48015668650793
B-L-21,2022-06-01,57.72912986453203,67.7897072865353
B-L-21,2022-07-01,50.01107205257937,67.31881628968254
B-L-21,2022-08-01,41.11601155582923,70.69620016420362
B-L-21,2022-09-01,33.32776816627981,57.73948069212914
B-L-21,2022-10-01,30.95328098549573,2.013842280945758
B-L-21,2022-11-01,28.853969801587304,0.0
B-L-21,2022-12-01,21.785838387755106,0.0
B-L-21,2023-01-01,20.15915057603687,0.0
B-L-21,2023-02-01,19.991249911816585,0.06277037037037037
B-L-21,2023-03-01,19.338569465329996,8.631821679197996
B-L-21,2023-04-01,19.859506373392776,53.557698975298905
B-L-21,2023-05-01,16.359824962089206,62.649742847484916
B-L-21,2023-06-01,16.327400554854275,10.804722289340448
B-L-21,2023-07-01,15.50090212637261,52.378900997734945
B-L-21,2023-08-01,15.711685629249342,64.4501903347057
B-L-21,2023-09-01,15.72545542395769,64.912404297781
B-L-21,2023-10-01,15.335111738340517,8.197433129676991
B-L-3,2022-12-01,9.424461958571428,12.383174775510204
B-L-3,2023-01-01,15.280469493087557,80.04394306451613
B-L-3,2023-02-01,17.166263007054674,79.11509695767197
B-L-3,2023-03-01,21.51650648206419,71.24114885672331
B-L-3,2023-04-01,24.05001369392977,74.63443132610848
B-L-3,2023-05-01,17.899325163362555,82.04689322974365
B-L-3,2023-06-01,17.824308784756433,83.86209099873426
B-L-3,2023-07-01,17.699101853354527,84.05050124750646
B-L-3,2023-08-01,19.24890154360119,83.92311064097223
B-L-3,2023-09-01,17.31193831241472,67.22022708141755
B-L-3,2023-10-01,15.963162540247684,70.52786810181762
B-L-6,2018-01-01,23.516553401360543,67.09591824729891
B-L-6,2018-02-01,34.07728618157544,66.70704036493102
B-L-6,2018-03-01,28.802579609107394,67.3877322788636
B-L-6,2018-04-01,26.33962709352518,66.5776145118191
B-L-6,2018-05-01,22.136541944444446,66.96759831349206
B-L-6,2018-06-01,22.475493637110016,67.44936410098522
B-L-6,2018-07-01,21.267605535714285,52.4294580952381
B-L-6,2018-08-01,17.630854758324382,67.44015707841031
B-L-6,2018-09-01,22.242008087027912,65.88164897372742
B-L-6,2018-10-01,20.584924265873017,67.26716476190475
B-L-6,2018-11-01,20.42377276785714,66.31904464285714
B-L-6,2018-12-01,19.302434603174603,67.01656706349206
B-L-6,2019-01-01,18.642149811245776,67.24449417842241
B-L-6,2019-02-01,18.519827535273368,67.42268999118166
B-L-6,2019-03-01,18.727093412698412,67.56574172619048
B-L-6,2019-04-01,18.816268965517242,67.66977518472906
B-L-6,2019-05-01,19.328031165203512,67.69740496807663
B-L-6,2019-06-01,19.68566962233169,67.56894755747126
B-L-6,2019-07-01,19.725033412698412,18.195112718253966
B-L-6,2019-08-01,18.470955076495134,67.55882622690244
B-L-6,2019-09-01,19.47299170771757,67.57371896551724
B-L-6,2019-10-01,19.85901771825397,67.85156718253968
B-L-6,2019-11-01,19.962978663926002,67.75887268242549
B-L-6,2019-12-01,19.88210652777778,67.7887724404762
B-L-6,2020-01-01,19.43382902930403,68.08888882783883
B-L-6,2020-02-01,19.11979542942177,66.33657831632652
B-L-6,2020-03-01,18.679837162698412,67.13454998015874
B-L-6,2020-04-01,18.637003591954024,67.30697984400656
B-L-6,2020-05-01,18.092199960317462,67.47858384920634
B-L-6,2020-06-01,18.548575451559934,67.28117502052545
B-L-6,2020-07-01,18.61374375,67.09348843253969
B-L-6,2020-08-01,16.69414232068349,66.99049145638783
B-L-6,2020-09-01,18.822597348406987,66.63215387461459
B-L-6,2020-10-01,18.21886816502463,67.00575272988506
B-L-6,2020-11-01,19.010224220032843,66.76025687602628
B-L-6,2020-12-01,19.087068075396825,66.62883238095239
B-L-6,2021-01-01,16.35850998015873,66.84300573412699
B-L-6,2021-02-01,18.4355573633157,66.72190372574956
B-L-6,2021-03-01,17.39577446850785,66.10517730975562
B-L-6,2021-04-01,17.08468434729064,65.74066871921183
B-L-6,2021-05-01,17.254500714285715,66.35687535714285
B-L-6,2021-06-01,17.304729864532018,60.60711984811166
B-L-6,2021-07-01,17.238204603174605,66.16250944444445
B-L-6,2021-08-01,17.671343392857143,66.12672257936508
B-L-6,2021-09-01,17.442027092877968,66.12873294460641
B-L-6,2021-10-01,16.708681051587302,66.00991132936508
B-L-6,2021-11-01,17.12052446633826,61.96946241789819
B-L-6,2021-12-01,16.04453769675234,63.44301338912134
B-L-6,2022-01-01,16.211039067460316,65.46678331349206
B-L-6,2022-02-01,16.84164226190476,65.50874104938272
B-L-6,2022-03-01,15.631284246031747,63.59686484126984
B-L-6,2022-04-01,14.889955547736335,69.5679804128548
B-L-6,2022-05-01,14.099795510204082,68.2123337244898
B-L-6,2022-06-01,15.72528130131363,66.19350012315272
B-L-6,2022-07-01,13.696743169027778,58.403069305555555
B-L-6,2022-08-01,20.07660640933292,56.1326869868637
B-L-6,2022-09-01,38.214463273668635,47.58364558326289
B-L-6,2022-10-01,36.76047527837672,65.68199272799524
B-L-6,2022-11-01,28.990540793650794,55.32221271825397
B-L-6,2022-12-01,30.664273857142856,0.0
B-L-6,2023-01-01,15.203602511520739,0.0
B-L-6,2023-02-01,10.112441117724867,0.0
B-L-6,2023-03-01,8.367004883116882,0.0
B-L-6,2023-04-01,3.6822727524417607,0.0
B-L-6,2023-05-01,2.6270344214492463,0.0
B-L-6,2023-06-01,0.9909948123552955,0.0
B-L-6,2023-07-01,11.16395852905953,0.0
B-L-6,2023-08-01,11.912970776189633,0.0
B-L-6,2023-09-01,11.490659873151403,0.0
B-L-6,2023-10-01,12.44698129631038,0.0
B-L-7,2022-11-01,16.83749938949939,51.2820374033374
B-L-7,2022-12-01,11.251211741961741,55.46953687423687
B-L-7,2023-01-01,0.0,56.33061165898617
B-L-7,2023-02-01,0.0,52.735345171957675
B-L-7,2023-03-01,0.0,49.84406544996853
B-L-7,2023-04-01,0.0,40.483018752087176
B-L-7,2023-05-01,0.0,60.73037233433619
B-L-7,2023-06-01,0.0,60.184658359144095
B-L-7,2023-07-01,0.0,59.427915775965296
B-L-7,2023-08-01,0.0,58.71289615993717
B-L-7,2023-09-01,0.0,58.4996414536903
B-L-7,2023-10-01,0.6104351803344752,57.8071953182121
B-L-9,2018-07-01,1.06593347285014,27.1320918767507
B-L-9,2018-08-01,7.786920672818705,28.05676583386718
B-L-9,2018-09-01,45.649548499178984,44.62256923234811
B-L-9,2018-10-01,54.89564203466269,47.21198216269841
B-L-9,2018-11-01,60.18815451388889,48.17379717261905
B-L-9,2018-12-01,57.5695010515873,48.523518769841274
B-L-9,2019-01-01,49.64221696801113,48.07299992052454
B-L-9,2019-02-01,43.888586067019396,48.086219819223984
B-L-9,2019-03-01,38.66691868287698,46.61940001984127
B-L-9,2019-04-01,34.44504817323481,32.30695490558293
B-L-9,2019-05-01,30.60512629688747,29.162610295291305
B-L-9,2019-06-01,49.26010121100164,28.21525747126437
B-L-9,2019-07-01,49.10129573289683,28.35404626984127
B-L-9,2019-08-01,2.2619392843214783,28.10143689648321
B-L-9,2019-09-01,0.312658125,18.895670484400657
B-L-9,2019-10-01,10.946756885714285,0.0
B-L-9,2019-11-01,17.190784026348293,0.0
B-L-9,2019-12-01,16.423626318484384,5.3681264208909365
B-L-9,2020-02-01,6.771064642857143,5.647676785714286
B-L-9,2020-07-01,1.5156929531645569,0.0
B-L-9,2020-08-01,7.60649528203504,0.0
B-L-9,2021-01-01,20.609089713745615,0.0
B-L-9,2021-02-01,15.002828271604939,0.0
B-L-9,2021-03-01,15.073745787800517,0.0
B-L-9,2021-04-01,34.23715687868304,0.0
B-L-9,2021-08-01,5.704806349206349,30.15141746031746
B-L-9,2021-09-01,22.22968667221991,52.76023129945856
B-L-9,2021-10-01,55.47826754880953,43.39386311507936
B-L-9,2021-11-01,35.977621594211826,41.64122541050903
B-L-9,2021-12-01,21.159772570033873,43.76138302450688
B-L-9,2022-01-01,18.904494305555556,54.4814583531746
B-L-9,2022-02-01,19.553641657848324,29.27043754409171
B-L-9,2022-03-01,25.163329464285713,42.96308630952381
B-L-9,2022-04-01,14.604352099460474,37.921620150129016
B-L-9,2022-05-01,14.468419438775511,29.884569872448978
B-L-9,2022-06-01,12.67725802504105,29.782974835796388
B-L-9,2022-07-01,9.27770790674603,47.63465509920635
B-L-9,2022-08-01,17.48340500821018,35.14380295566502
B-L-9,2022-09-01,23.111300771978023,27.809264961961112
B-L-9,2022-10-01,13.240168315120208,27.36912342539241
B-L-9,2022-11-01,6.84416903531746,11.268980357142857
B-L-9,2022-12-01,11.796935204081633,0.0
B-L-9,2023-01-01,13.063123866359447,0.0
B-L-9,2023-02-01,13.881561285422146,0.0
B-L-9,2023-07-01,21.180051025368815,0.0
B-L-9,2023-08-01,25.10101083520172,58.210473243865735
B-L-9,2023-09-01,23.77832142139756,69.52587178914617
B-L-9,2023-10-01,22.59408976485756,68.74400877864514
